"CAL_MONTH_KEY","INDEX_NAME","AVG_ADJ_CLOSE","FED_FUNDS","FED_FUNDS_LAG1","FED_FUNDS_CHG","FED_FUNDS_PCT_CHG","FED_FUNDS_PCT_CHG_SMA","INFLATION","INFLATION_LAG1","INFLATION_CHG","INFLATION_PCT_CHG","INFLATION_PCT_CHG_SMA","UNEMPLOYMENT","UNEMPLOYMENT_LAG1","UNEMPLOYMENT_CHG","UNEMPLOYMENT_PCT_CHG","UNEMPLOYMENT_PCT_CHG_SMA"
197801,"S&P 500",90.25,6.7,6.7,0,0,0,5.7,5.7,0,0,0,6.4,6.4,0,0,0
197802,"S&P 500",88.98,6.78,6.7,0.08,0.01,0.01,5.57,5.7,-0.13,-0.02,-0.01,6.3,6.4,-0.1,-0.02,-0.01
197803,"S&P 500",88.82,6.79,6.78,0.01,0,0,5.55,5.57,-0.02,0,-0.01,6.3,6.3,0,0,-0.01
197804,"S&P 500",92.71,6.89,6.79,0.1,0.01,0.01,5.71,5.55,0.16,0.03,0,6.1,6.3,-0.2,-0.03,-0.02
197805,"S&P 500",97.41,7.36,6.89,0.47,0.07,0.03,5.9,5.71,0.19,0.03,0.02,6,6.1,-0.1,-0.02,-0.02
197806,"S&P 500",97.66,7.6,7.36,0.24,0.03,0.04,5.91,5.9,0.01,0,0.02,5.9,6,-0.1,-0.02,-0.02
197807,"S&P 500",97.19,7.81,7.6,0.21,0.03,0.04,5.99,5.91,0.08,0.01,0.02,6.2,5.9,0.3,0.05,0.01
197808,"S&P 500",103.92,8.04,7.81,0.23,0.03,0.03,6.04,5.99,0.05,0.01,0.01,5.9,6.2,-0.3,-0.05,0
197809,"S&P 500",103.86,8.45,8.04,0.41,0.05,0.04,6.22,6.04,0.18,0.03,0.02,6,5.9,0.1,0.02,0.01
197810,"S&P 500",100.58,8.96,8.45,0.51,0.06,0.05,6.55,6.22,0.33,0.05,0.03,5.8,6,-0.2,-0.03,-0.02
197811,"S&P 500",94.71,9.76,8.96,0.8,0.09,0.07,6.65,6.55,0.1,0.02,0.03,5.9,5.8,0.1,0.02,0
197812,"S&P 500",96.11,10.03,9.76,0.27,0.03,0.06,6.71,6.65,0.06,0.01,0.03,6,5.9,0.1,0.02,0
197901,"S&P 500",99.71,10.07,10.03,0.04,0,0.04,7.03,6.71,0.32,0.05,0.02,5.9,6,-0.1,-0.02,0.01
197902,"S&P 500",98.23,10.06,10.07,-0.01,0,0.01,7.22,7.03,0.19,0.03,0.03,5.9,5.9,0,0,0
197903,"S&P 500",100.11,10.09,10.06,0.03,0,0,7.25,7.22,0.03,0,0.03,5.8,5.9,-0.1,-0.02,-0.01
197904,"S&P 500",102.07,10.01,10.09,-0.08,-0.01,0,7.26,7.25,0.01,0,0.01,5.8,5.8,0,0,-0.01
197905,"S&P 500",99.73,10.24,10.01,0.23,0.02,0.01,7.35,7.26,0.09,0.01,0.01,5.6,5.8,-0.2,-0.03,-0.02
197906,"S&P 500",101.73,10.29,10.24,0.05,0,0.01,7.4,7.35,0.05,0.01,0.01,5.7,5.6,0.1,0.02,-0.01
197907,"S&P 500",102.71,10.47,10.29,0.18,0.02,0.02,7.5,7.4,0.1,0.01,0.01,5.7,5.7,0,0,-0.01
197908,"S&P 500",107.36,10.94,10.47,0.47,0.04,0.02,7.68,7.5,0.18,0.02,0.01,6,5.7,0.3,0.05,0.02
197909,"S&P 500",108.6,11.43,10.94,0.49,0.04,0.04,7.8,7.68,0.12,0.02,0.02,5.9,6,-0.1,-0.02,0.01
197910,"S&P 500",104.47,13.77,11.43,2.34,0.2,0.1,7.89,7.8,0.09,0.01,0.02,6,5.9,0.1,0.02,0.02
197911,"S&P 500",103.66,13.18,13.77,-0.59,-0.04,0.07,7.89,7.89,0,0,0.01,5.9,6,-0.1,-0.02,-0.01
197912,"S&P 500",107.78,13.78,13.18,0.6,0.05,0.07,8.04,7.89,0.15,0.02,0.01,6,5.9,0.1,0.02,0.01
198001,"S&P 500",110.87,13.82,13.78,0.04,0,0,8.15,8.04,0.11,0.01,0.01,6.3,6,0.3,0.05,0.02
198002,"S&P 500",115.34,14.13,13.82,0.31,0.02,0.02,8.35,8.15,0.2,0.02,0.02,6.3,6.3,0,0,0.02
198003,"S&P 500",104.69,17.19,14.13,3.06,0.22,0.08,8.6,8.35,0.25,0.03,0.02,6.3,6.3,0,0,0.02
198004,"S&P 500",102.97,17.61,17.19,0.42,0.02,0.09,8.55,8.6,-0.05,-0.01,0.02,6.9,6.3,0.6,0.1,0.03
198005,"S&P 500",107.69,10.98,17.61,-6.63,-0.38,-0.05,8.56,8.55,0.01,0,0.01,7.5,6.9,0.6,0.09,0.06
198006,"S&P 500",114.55,9.47,10.98,-1.51,-0.14,-0.16,8.72,8.56,0.16,0.02,0,7.6,7.5,0.1,0.01,0.07
198007,"S&P 500",119.83,9.03,9.47,-0.44,-0.05,-0.19,8.6,8.72,-0.12,-0.01,0,7.8,7.6,0.2,0.03,0.04
198008,"S&P 500",123.5,9.61,9.03,0.58,0.06,-0.04,8.57,8.6,-0.03,0,0,7.7,7.8,-0.1,-0.01,0.01
198009,"S&P 500",126.51,10.87,9.61,1.26,0.13,0.05,8.66,8.57,0.09,0.01,0,7.5,7.7,-0.2,-0.03,0
198010,"S&P 500",130.22,12.81,10.87,1.94,0.18,0.12,8.57,8.66,-0.09,-0.01,0,7.5,7.5,0,0,-0.01
198011,"S&P 500",135.65,15.85,12.81,3.04,0.24,0.18,8.64,8.57,0.07,0.01,0,7.5,7.5,0,0,-0.01
198012,"S&P 500",133.48,18.9,15.85,3.05,0.19,0.2,8.64,8.64,0,0,0,7.2,7.5,-0.3,-0.04,-0.01
198101,"S&P 500",132.97,19.08,18.9,0.18,0.01,0.15,8.59,8.64,-0.05,-0.01,0,7.5,7.2,0.3,0.04,0
198102,"S&P 500",128.4,15.93,19.08,-3.15,-0.17,0.01,8.59,8.59,0,0,0,7.4,7.5,-0.1,-0.01,0
198103,"S&P 500",133.18,14.7,15.93,-1.23,-0.08,-0.08,8.41,8.59,-0.18,-0.02,-0.01,7.4,7.4,0,0,0.01
198104,"S&P 500",134.43,15.72,14.7,1.02,0.07,-0.06,8.5,8.41,0.09,0.01,0,7.2,7.4,-0.2,-0.03,-0.01
198105,"S&P 500",131.73,18.52,15.72,2.8,0.18,0.06,8.32,8.5,-0.18,-0.02,-0.01,7.5,7.2,0.3,0.04,0
198106,"S&P 500",132.28,19.1,18.52,0.58,0.03,0.09,8.07,8.32,-0.25,-0.03,-0.01,7.5,7.5,0,0,0
198107,"S&P 500",129.13,19.04,19.1,-0.06,0,0.07,8.1,8.07,0.03,0,-0.02,7.2,7.5,-0.3,-0.04,0
198108,"S&P 500",129.63,17.82,19.04,-1.22,-0.06,-0.01,8.01,8.1,-0.09,-0.01,-0.01,7.4,7.2,0.2,0.03,0
198109,"S&P 500",118.27,15.87,17.82,-1.95,-0.11,-0.06,7.82,8.01,-0.19,-0.02,-0.01,7.6,7.4,0.2,0.03,0
198110,"S&P 500",119.8,15.08,15.87,-0.79,-0.05,-0.07,7.62,7.82,-0.2,-0.03,-0.02,7.9,7.6,0.3,0.04,0.03
198111,"S&P 500",122.92,13.31,15.08,-1.77,-0.12,-0.09,7.41,7.62,-0.21,-0.03,-0.03,8.3,7.9,0.4,0.05,0.04
198112,"S&P 500",123.79,12.37,13.31,-0.94,-0.07,-0.08,7.14,7.41,-0.27,-0.04,-0.03,8.5,8.3,0.2,0.02,0.04
198201,"S&P 500",117.28,13.22,12.37,0.85,0.07,-0.04,6.83,7.14,-0.31,-0.04,-0.04,8.6,8.5,0.1,0.01,0.03
198202,"S&P 500",114.5,14.78,13.22,1.56,0.12,0.04,6.38,6.83,-0.45,-0.07,-0.05,8.9,8.6,0.3,0.03,0.02
198203,"S&P 500",110.84,14.68,14.78,-0.1,-0.01,0.06,6.2,6.38,-0.18,-0.03,-0.05,9,8.9,0.1,0.01,0.02
198204,"S&P 500",116.31,14.94,14.68,0.26,0.02,0.04,5.86,6.2,-0.34,-0.05,-0.05,9.3,9,0.3,0.03,0.03
198205,"S&P 500",116.35,14.45,14.94,-0.49,-0.03,-0.01,5.77,5.86,-0.09,-0.02,-0.03,9.4,9.3,0.1,0.01,0.02
198206,"S&P 500",109.7,14.15,14.45,-0.3,-0.02,-0.01,5.74,5.77,-0.03,-0.01,-0.03,9.6,9.4,0.2,0.02,0.02
198207,"S&P 500",109.38,12.59,14.15,-1.56,-0.11,-0.05,5.76,5.74,0.02,0,-0.01,9.8,9.6,0.2,0.02,0.02
198208,"S&P 500",109.65,10.12,12.59,-2.47,-0.2,-0.11,5.49,5.76,-0.27,-0.05,-0.02,9.8,9.8,0,0,0.01
198209,"S&P 500",122.43,10.31,10.12,0.19,0.02,-0.1,5.13,5.49,-0.36,-0.07,-0.04,10.1,9.8,0.3,0.03,0.02
198210,"S&P 500",132.66,9.71,10.31,-0.6,-0.06,-0.08,5.06,5.13,-0.07,-0.01,-0.04,10.4,10.1,0.3,0.03,0.02
198211,"S&P 500",138.1,9.2,9.71,-0.51,-0.05,-0.03,4.78,5.06,-0.28,-0.06,-0.04,10.8,10.4,0.4,0.04,0.03
198212,"S&P 500",139.37,8.95,9.2,-0.25,-0.03,-0.05,4.61,4.78,-0.17,-0.04,-0.03,10.8,10.8,0,0,0.02
198301,"S&P 500",144.27,8.68,8.95,-0.27,-0.03,-0.04,4.63,4.61,0.02,0,-0.03,10.4,10.8,-0.4,-0.04,0
198302,"S&P 500",146.8,8.51,8.68,-0.17,-0.02,-0.03,4.57,4.63,-0.06,-0.01,-0.01,10.4,10.4,0,0,-0.01
198303,"S&P 500",151.88,8.77,8.51,0.26,0.03,-0.01,4.33,4.57,-0.24,-0.05,-0.02,10.3,10.4,-0.1,-0.01,-0.02
198304,"S&P 500",157.71,8.8,8.77,0.03,0,0,4.47,4.33,0.14,0.03,-0.01,10.2,10.3,-0.1,-0.01,-0.01
198305,"S&P 500",164.1,8.63,8.8,-0.17,-0.02,0,4.24,4.47,-0.23,-0.05,-0.02,10.1,10.2,-0.1,-0.01,-0.01
198306,"S&P 500",166.37,8.98,8.63,0.35,0.04,0.01,4.06,4.24,-0.18,-0.04,-0.02,10.1,10.1,0,0,-0.01
198307,"S&P 500",166.95,9.37,8.98,0.39,0.04,0.02,3.79,4.06,-0.27,-0.07,-0.05,9.4,10.1,-0.7,-0.07,-0.03
198308,"S&P 500",162.42,9.56,9.37,0.19,0.02,0.03,3.7,3.79,-0.09,-0.02,-0.04,9.5,9.4,0.1,0.01,-0.02
198309,"S&P 500",167.16,9.45,9.56,-0.11,-0.01,0.02,3.79,3.7,0.09,0.02,-0.02,9.2,9.5,-0.3,-0.03,-0.03
198310,"S&P 500",167.65,9.48,9.45,0.03,0,0,3.56,3.79,-0.23,-0.06,-0.02,8.8,9.2,-0.4,-0.04,-0.02
198311,"S&P 500",165.23,9.34,9.48,-0.14,-0.01,-0.01,3.67,3.56,0.11,0.03,0,8.5,8.8,-0.3,-0.03,-0.04
198312,"S&P 500",164.37,9.47,9.34,0.13,0.01,0,3.63,3.67,-0.04,-0.01,-0.01,8.3,8.5,-0.2,-0.02,-0.03
198401,"S&P 500",166.39,9.56,9.47,0.09,0.01,0,3.58,3.63,-0.05,-0.01,0,8,8.3,-0.3,-0.04,-0.03
198402,"S&P 500",157.25,9.59,9.56,0.03,0,0.01,3.64,3.58,0.06,0.02,0,7.8,8,-0.2,-0.03,-0.03
198403,"S&P 500",157.44,9.91,9.59,0.32,0.03,0.02,3.79,3.64,0.15,0.04,0.01,7.8,7.8,0,0,-0.02
198404,"S&P 500",157.6,10.29,9.91,0.38,0.04,0.02,3.78,3.79,-0.01,0,0.02,7.7,7.8,-0.1,-0.01,-0.01
198405,"S&P 500",156.55,10.32,10.29,0.03,0,0.02,3.7,3.78,-0.08,-0.02,0.01,7.4,7.7,-0.3,-0.04,-0.02
198406,"S&P 500",153.12,11.06,10.32,0.74,0.07,0.04,3.71,3.7,0.01,0,-0.01,7.2,7.4,-0.2,-0.03,-0.03
198407,"S&P 500",151.08,11.23,11.06,0.17,0.02,0.03,3.8,3.71,0.09,0.02,0,7.5,7.2,0.3,0.04,-0.01
198408,"S&P 500",164.42,11.64,11.23,0.41,0.04,0.04,3.88,3.8,0.08,0.02,0.02,7.5,7.5,0,0,0
198409,"S&P 500",166.11,11.3,11.64,-0.34,-0.03,0.01,3.86,3.88,-0.02,-0.01,0.01,7.3,7.5,-0.2,-0.03,0.01
198410,"S&P 500",164.82,9.99,11.3,-1.31,-0.12,-0.04,3.94,3.86,0.08,0.02,0.01,7.4,7.3,0.1,0.01,0
198411,"S&P 500",166.27,9.43,9.99,-0.56,-0.06,-0.07,3.77,3.94,-0.17,-0.04,-0.01,7.2,7.4,-0.2,-0.03,-0.01
198412,"S&P 500",164.48,8.38,9.43,-1.05,-0.11,-0.09,3.88,3.77,0.11,0.03,0,7.3,7.2,0.1,0.01,0
198501,"S&P 500",171.61,8.35,8.38,-0.03,0,-0.06,3.73,3.88,-0.15,-0.04,-0.02,7.3,7.3,0,0,0
198502,"S&P 500",180.88,8.5,8.35,0.15,0.02,-0.03,3.82,3.73,0.09,0.02,0,7.2,7.3,-0.1,-0.01,0
198503,"S&P 500",179.42,8.58,8.5,0.08,0.01,0.01,3.82,3.82,0,0,0,7.2,7.2,0,0,0
198504,"S&P 500",180.62,8.27,8.58,-0.31,-0.04,0,3.61,3.82,-0.21,-0.05,-0.01,7.3,7.2,0.1,0.01,0
198505,"S&P 500",184.9,7.97,8.27,-0.3,-0.04,-0.02,3.69,3.61,0.08,0.02,-0.01,7.2,7.3,-0.1,-0.01,0
198506,"S&P 500",188.89,7.53,7.97,-0.44,-0.06,-0.04,3.75,3.69,0.06,0.02,-0.01,7.4,7.2,0.2,0.03,0.01
198507,"S&P 500",192.54,7.88,7.53,0.35,0.05,-0.02,3.55,3.75,-0.2,-0.05,0,7.4,7.4,0,0,0
198508,"S&P 500",188.31,7.9,7.88,0.02,0,0,3.54,3.55,-0.01,0,-0.01,7.1,7.4,-0.3,-0.04,0
198509,"S&P 500",184.21,7.92,7.9,0.02,0,0.02,3.5,3.54,-0.04,-0.01,-0.02,7.1,7.1,0,0,-0.01
198510,"S&P 500",186.18,7.99,7.92,0.07,0.01,0,3.46,3.5,-0.04,-0.01,-0.01,7.1,7.1,0,0,-0.01
198511,"S&P 500",197.45,8.05,7.99,0.06,0.01,0.01,3.61,3.46,0.15,0.04,0.01,7,7.1,-0.1,-0.01,0
198512,"S&P 500",207.26,8.27,8.05,0.22,0.03,0.01,3.62,3.61,0.01,0,0.01,7,7,0,0,0
198601,"S&P 500",208.19,8.14,8.27,-0.13,-0.02,0.01,3.72,3.62,0.1,0.03,0.02,6.7,7,-0.3,-0.04,-0.02
198602,"S&P 500",219.37,7.86,8.14,-0.28,-0.03,-0.01,3.47,3.72,-0.25,-0.07,-0.01,7.2,6.7,0.5,0.07,0.01
198603,"S&P 500",232.33,7.48,7.86,-0.38,-0.05,-0.03,3.28,3.47,-0.19,-0.05,-0.03,7.2,7.2,0,0,0.01
198604,"S&P 500",237.97,6.99,7.48,-0.49,-0.07,-0.05,3.33,3.28,0.05,0.02,-0.04,7.1,7.2,-0.1,-0.01,0.02
198605,"S&P 500",238.46,6.85,6.99,-0.14,-0.02,-0.04,3.26,3.33,-0.07,-0.02,-0.02,7.2,7.1,0.1,0.01,0
198606,"S&P 500",245.3,6.92,6.85,0.07,0.01,-0.03,3.24,3.26,-0.02,-0.01,0,7.2,7.2,0,0,0
198607,"S&P 500",240.18,6.56,6.92,-0.36,-0.05,-0.02,3.27,3.24,0.03,0.01,-0.01,7,7.2,-0.2,-0.03,0
198608,"S&P 500",245,6.17,6.56,-0.39,-0.06,-0.03,3.19,3.27,-0.08,-0.02,-0.01,6.9,7,-0.1,-0.01,-0.01
198609,"S&P 500",238.27,5.89,6.17,-0.28,-0.05,-0.05,3.2,3.19,0.01,0,0,7,6.9,0.1,0.01,-0.01
198610,"S&P 500",237.36,5.85,5.89,-0.04,-0.01,-0.04,3.27,3.2,0.07,0.02,0,7,7,0,0,0
198611,"S&P 500",245.09,6.04,5.85,0.19,0.03,-0.01,3.2,3.27,-0.07,-0.02,0,6.9,7,-0.1,-0.01,0
198612,"S&P 500",248.61,6.91,6.04,0.87,0.14,0.06,3.13,3.2,-0.07,-0.02,-0.01,6.6,6.9,-0.3,-0.04,-0.02
198701,"S&P 500",264.51,6.43,6.91,-0.48,-0.07,0.04,3.16,3.13,0.03,0.01,-0.01,6.6,6.6,0,0,-0.02
198702,"S&P 500",280.93,6.1,6.43,-0.33,-0.05,0.01,3.22,3.16,0.06,0.02,0,6.6,6.6,0,0,-0.01
198703,"S&P 500",292.47,6.13,6.1,0.03,0,-0.04,3.41,3.22,0.19,0.06,0.03,6.6,6.6,0,0,0
198704,"S&P 500",289.32,6.37,6.13,0.24,0.04,0,3.57,3.41,0.16,0.05,0.04,6.3,6.6,-0.3,-0.05,-0.02
198705,"S&P 500",289.12,6.85,6.37,0.48,0.08,0.04,3.66,3.57,0.09,0.03,0.04,6.3,6.3,0,0,-0.02
198706,"S&P 500",301.38,6.73,6.85,-0.12,-0.02,0.03,3.6,3.66,-0.06,-0.02,0.02,6.2,6.3,-0.1,-0.02,-0.02
198707,"S&P 500",310.09,6.58,6.73,-0.15,-0.02,0.01,3.59,3.6,-0.01,0,0,6.1,6.2,-0.1,-0.02,-0.01
198708,"S&P 500",329.36,6.73,6.58,0.15,0.02,-0.01,3.74,3.59,0.15,0.04,0.01,6,6.1,-0.1,-0.02,-0.02
198709,"S&P 500",318.66,7.22,6.73,0.49,0.07,0.02,3.71,3.74,-0.03,-0.01,0.01,5.9,6,-0.1,-0.02,-0.02
198710,"S&P 500",280.16,7.29,7.22,0.07,0.01,0.04,3.73,3.71,0.02,0.01,0.01,6,5.9,0.1,0.02,-0.01
198711,"S&P 500",245.01,6.69,7.29,-0.6,-0.08,0,3.72,3.73,-0.01,0,0,5.8,6,-0.2,-0.03,-0.01
198712,"S&P 500",240.96,6.77,6.69,0.08,0.01,-0.02,3.63,3.72,-0.09,-0.02,-0.01,5.7,5.8,-0.1,-0.02,-0.01
198801,"S&P 500",250.48,6.83,6.77,0.06,0.01,-0.02,3.62,3.63,-0.01,0,-0.01,5.7,5.7,0,0,-0.02
198802,"S&P 500",258.13,6.58,6.83,-0.25,-0.04,-0.01,3.57,3.62,-0.05,-0.01,-0.01,5.7,5.7,0,0,-0.01
198803,"S&P 500",265.74,6.58,6.58,0,0,-0.01,3.56,3.57,-0.01,0,-0.01,5.7,5.7,0,0,0
198804,"S&P 500",262.62,6.87,6.58,0.29,0.04,0,3.51,3.56,-0.05,-0.01,-0.01,5.4,5.7,-0.3,-0.05,-0.02
198805,"S&P 500",256.12,7.09,6.87,0.22,0.03,0.03,3.49,3.51,-0.02,-0.01,-0.01,5.6,5.4,0.2,0.04,-0.01
198806,"S&P 500",270.68,7.51,7.09,0.42,0.06,0.05,3.59,3.49,0.1,0.03,0,5.4,5.6,-0.2,-0.04,-0.02
198807,"S&P 500",269.05,7.75,7.51,0.24,0.03,0.04,3.77,3.59,0.18,0.05,0.02,5.4,5.4,0,0,0
198808,"S&P 500",263.73,8.01,7.75,0.26,0.03,0.04,3.71,3.77,-0.06,-0.02,0.02,5.6,5.4,0.2,0.04,0
198809,"S&P 500",267.97,8.19,8.01,0.18,0.02,0.03,3.87,3.71,0.16,0.04,0.03,5.4,5.6,-0.2,-0.04,0
198810,"S&P 500",277.4,8.3,8.19,0.11,0.01,0.02,3.82,3.87,-0.05,-0.01,0,5.4,5.4,0,0,0
198811,"S&P 500",271.02,8.35,8.3,0.05,0.01,0.01,3.87,3.82,0.05,0.01,0.01,5.3,5.4,-0.1,-0.02,-0.02
198812,"S&P 500",276.51,8.76,8.35,0.41,0.05,0.02,4.01,3.87,0.14,0.04,0.01,5.3,5.3,0,0,-0.01
198901,"S&P 500",285.41,9.12,8.76,0.36,0.04,0.03,4.05,4.01,0.04,0.01,0.02,5.4,5.3,0.1,0.02,0
198902,"S&P 500",294.01,9.36,9.12,0.24,0.03,0.04,4.15,4.05,0.1,0.02,0.02,5.2,5.4,-0.2,-0.04,-0.01
198903,"S&P 500",292.71,9.85,9.36,0.49,0.05,0.04,4.16,4.15,0.01,0,0.01,5,5.2,-0.2,-0.04,-0.02
198904,"S&P 500",302.25,9.84,9.85,-0.01,0,0.03,4.16,4.16,0,0,0.01,5.2,5,0.2,0.04,-0.01
198905,"S&P 500",313.93,9.81,9.84,-0.03,0,0.02,4.24,4.16,0.08,0.02,0.01,5.2,5.2,0,0,0
198906,"S&P 500",323.73,9.53,9.81,-0.28,-0.03,-0.01,4.13,4.24,-0.11,-0.03,0,5.3,5.2,0.1,0.02,0.02
198907,"S&P 500",331.93,9.24,9.53,-0.29,-0.03,-0.02,4.04,4.13,-0.09,-0.02,-0.01,5.2,5.3,-0.1,-0.02,0
198908,"S&P 500",346.61,8.99,9.24,-0.25,-0.03,-0.03,3.95,4.04,-0.09,-0.02,-0.02,5.2,5.2,0,0,0
198909,"S&P 500",347.33,9.02,8.99,0.03,0,-0.02,3.8,3.95,-0.15,-0.04,-0.03,5.3,5.2,0.1,0.02,0
198910,"S&P 500",347.4,8.84,9.02,-0.18,-0.02,-0.01,3.94,3.8,0.14,0.04,-0.01,5.3,5.3,0,0,0.01
198911,"S&P 500",340.22,8.55,8.84,-0.29,-0.03,-0.02,3.92,3.94,-0.02,-0.01,0,5.4,5.3,0.1,0.02,0.01
198912,"S&P 500",348.57,8.45,8.55,-0.1,-0.01,-0.02,3.94,3.92,0.02,0.01,0.01,5.4,5.4,0,0,0.01
199001,"S&P 500",339.97,8.23,8.45,-0.22,-0.03,-0.02,3.85,3.94,-0.09,-0.02,-0.01,5.4,5.4,0,0,0.01
199002,"S&P 500",330.45,8.24,8.23,0.01,0,-0.01,3.82,3.85,-0.03,-0.01,-0.01,5.3,5.4,-0.1,-0.02,-0.01
199003,"S&P 500",338.47,8.28,8.24,0.04,0,-0.01,3.95,3.82,0.13,0.03,0,5.2,5.3,-0.1,-0.02,-0.01
199004,"S&P 500",338.18,8.26,8.28,-0.02,0,0,3.9,3.95,-0.05,-0.01,0,5.4,5.2,0.2,0.04,0
199005,"S&P 500",350.25,8.18,8.26,-0.08,-0.01,0,3.8,3.9,-0.1,-0.03,0,5.4,5.4,0,0,0.01
199006,"S&P 500",360.39,8.29,8.18,0.11,0.01,0,3.94,3.8,0.14,0.04,0,5.2,5.4,-0.2,-0.04,0
199007,"S&P 500",360.03,8.15,8.29,-0.14,-0.02,0,3.96,3.94,0.02,0.01,0.01,5.5,5.2,0.3,0.06,0.01
199008,"S&P 500",330.75,8.13,8.15,-0.02,0,0,4.14,3.96,0.18,0.05,0.03,5.7,5.5,0.2,0.04,0.02
199009,"S&P 500",315.41,8.2,8.13,0.07,0.01,0,4.13,4.14,-0.01,0,0.02,5.9,5.7,0.2,0.04,0.04
199010,"S&P 500",307.12,8.11,8.2,-0.09,-0.01,0,4.01,4.13,-0.12,-0.03,0,5.9,5.9,0,0,0.02
199011,"S&P 500",315.29,7.81,8.11,-0.3,-0.04,-0.01,3.88,4.01,-0.13,-0.03,-0.02,6.2,5.9,0.3,0.05,0.03
199012,"S&P 500",328.75,7.31,7.81,-0.5,-0.06,-0.04,3.84,3.88,-0.04,-0.01,-0.02,6.3,6.2,0.1,0.02,0.02
199101,"S&P 500",325.49,6.91,7.31,-0.4,-0.05,-0.05,3.82,3.84,-0.02,-0.01,-0.02,6.4,6.3,0.1,0.02,0.03
199102,"S&P 500",362.26,6.25,6.91,-0.66,-0.1,-0.07,3.73,3.82,-0.09,-0.02,-0.01,6.6,6.4,0.2,0.03,0.02
199103,"S&P 500",372.28,6.12,6.25,-0.13,-0.02,-0.06,3.43,3.73,-0.3,-0.08,-0.04,6.8,6.6,0.2,0.03,0.03
199104,"S&P 500",379.68,5.91,6.12,-0.21,-0.03,-0.05,3.35,3.43,-0.08,-0.02,-0.04,6.7,6.8,-0.1,-0.01,0.02
199105,"S&P 500",377.99,5.78,5.91,-0.13,-0.02,-0.03,3.45,3.35,0.1,0.03,-0.02,6.9,6.7,0.2,0.03,0.02
199106,"S&P 500",378.29,5.9,5.78,0.12,0.02,-0.01,3.23,3.45,-0.22,-0.06,-0.02,6.9,6.9,0,0,0.01
199107,"S&P 500",380.23,5.82,5.9,-0.08,-0.01,0,3.1,3.23,-0.13,-0.04,-0.02,6.8,6.9,-0.1,-0.01,0.01
199108,"S&P 500",389.4,5.66,5.82,-0.16,-0.03,-0.01,2.91,3.1,-0.19,-0.06,-0.06,6.9,6.8,0.1,0.01,0
199109,"S&P 500",387.2,5.45,5.66,-0.21,-0.04,-0.03,2.9,2.91,-0.01,0,-0.03,6.9,6.9,0,0,0
199110,"S&P 500",386.88,5.21,5.45,-0.24,-0.04,-0.04,2.83,2.9,-0.07,-0.02,-0.03,7,6.9,0.1,0.01,0.01
199111,"S&P 500",385.92,4.81,5.21,-0.4,-0.08,-0.05,2.97,2.83,0.14,0.05,0.01,7,7,0,0,0
199112,"S&P 500",388.51,4.43,4.81,-0.38,-0.08,-0.07,3,2.97,0.03,0.01,0.01,7.3,7,0.3,0.04,0.02
199201,"S&P 500",416.07,4.03,4.43,-0.4,-0.09,-0.08,2.88,3,-0.12,-0.04,0.01,7.3,7.3,0,0,0.01
199202,"S&P 500",412.56,4.06,4.03,0.03,0.01,-0.05,2.9,2.88,0.02,0.01,-0.01,7.4,7.3,0.1,0.01,0.02
199203,"S&P 500",407.36,3.98,4.06,-0.08,-0.02,-0.03,2.99,2.9,0.09,0.03,0,7.4,7.4,0,0,0
199204,"S&P 500",407.41,3.73,3.98,-0.25,-0.06,-0.03,2.94,2.99,-0.05,-0.02,0.01,7.4,7.4,0,0,0
199205,"S&P 500",414.81,3.82,3.73,0.09,0.02,-0.02,2.8,2.94,-0.14,-0.05,-0.01,7.6,7.4,0.2,0.03,0.01
199206,"S&P 500",408.27,3.76,3.82,-0.06,-0.02,-0.02,2.8,2.8,0,0,-0.02,7.8,7.6,0.2,0.03,0.02
199207,"S&P 500",415.05,3.25,3.76,-0.51,-0.14,-0.04,2.82,2.8,0.02,0.01,-0.01,7.7,7.8,-0.1,-0.01,0.01
199208,"S&P 500",417.93,3.3,3.25,0.05,0.02,-0.05,2.75,2.82,-0.07,-0.02,-0.01,7.6,7.7,-0.1,-0.01,0
199209,"S&P 500",418.48,3.22,3.3,-0.08,-0.02,-0.05,2.61,2.75,-0.14,-0.05,-0.02,7.6,7.6,0,0,-0.01
199210,"S&P 500",412.5,3.1,3.22,-0.12,-0.04,-0.02,2.64,2.61,0.03,0.01,-0.02,7.3,7.6,-0.3,-0.04,-0.02
199211,"S&P 500",422.84,3.09,3.1,-0.01,0,-0.02,2.61,2.64,-0.03,-0.01,-0.02,7.4,7.3,0.1,0.01,-0.01
199212,"S&P 500",435.64,2.92,3.09,-0.17,-0.06,-0.03,2.5,2.61,-0.11,-0.04,-0.01,7.4,7.4,0,0,-0.01
199301,"S&P 500",435.23,3.02,2.92,0.1,0.03,-0.01,2.5,2.5,0,0,-0.02,7.3,7.4,-0.1,-0.01,0
199302,"S&P 500",441.7,3.03,3.02,0.01,0,-0.01,2.51,2.5,0.01,0,-0.01,7.1,7.3,-0.2,-0.03,-0.01
199303,"S&P 500",450.16,3.07,3.03,0.04,0.01,0.02,2.45,2.51,-0.06,-0.02,-0.01,7,7.1,-0.1,-0.01,-0.02
199304,"S&P 500",443.08,2.96,3.07,-0.11,-0.04,-0.01,2.52,2.45,0.07,0.03,0,7.1,7,0.1,0.01,-0.01
199305,"S&P 500",445.25,3,2.96,0.04,0.01,0,2.57,2.52,0.05,0.02,0.01,7.1,7.1,0,0,0
199306,"S&P 500",448.06,3.04,3,0.04,0.01,0,2.53,2.57,-0.04,-0.02,0.01,7,7.1,-0.1,-0.01,0
199307,"S&P 500",447.29,3.06,3.04,0.02,0.01,0.01,2.5,2.53,-0.03,-0.01,0,6.9,7,-0.1,-0.01,-0.01
199308,"S&P 500",454.13,3.03,3.06,-0.03,-0.01,0,2.49,2.5,-0.01,0,-0.01,6.8,6.9,-0.1,-0.01,-0.01
199309,"S&P 500",459.24,3.09,3.03,0.06,0.02,0.01,2.53,2.49,0.04,0.02,0,6.7,6.8,-0.1,-0.01,-0.01
199310,"S&P 500",463.9,2.99,3.09,-0.1,-0.03,-0.01,2.49,2.53,-0.04,-0.02,0,6.8,6.7,0.1,0.01,0
199311,"S&P 500",462.89,3.02,2.99,0.03,0.01,0,2.43,2.49,-0.06,-0.02,-0.01,6.6,6.8,-0.2,-0.03,-0.01
199312,"S&P 500",465.95,2.96,3.02,-0.06,-0.02,-0.01,2.4,2.43,-0.03,-0.01,-0.02,6.5,6.6,-0.1,-0.02,-0.01
199401,"S&P 500",472.99,3.05,2.96,0.09,0.03,0.01,2.36,2.4,-0.04,-0.02,-0.02,6.6,6.5,0.1,0.02,-0.01
199402,"S&P 500",471.58,3.25,3.05,0.2,0.07,0.03,2.35,2.36,-0.01,0,-0.01,6.6,6.6,0,0,0
199403,"S&P 500",463.81,3.34,3.25,0.09,0.03,0.04,2.41,2.35,0.06,0.03,0,6.5,6.6,-0.1,-0.02,0
199404,"S&P 500",447.23,3.56,3.34,0.22,0.07,0.05,2.3,2.41,-0.11,-0.05,-0.01,6.4,6.5,-0.1,-0.02,-0.01
199405,"S&P 500",450.9,4.01,3.56,0.45,0.13,0.07,2.27,2.3,-0.03,-0.01,-0.01,6.1,6.4,-0.3,-0.05,-0.03
199406,"S&P 500",454.83,4.25,4.01,0.24,0.06,0.08,2.34,2.27,0.07,0.03,-0.01,6.1,6.1,0,0,-0.02
199407,"S&P 500",451.4,4.26,4.25,0.01,0,0.06,2.35,2.34,0.01,0,0.01,6.1,6.1,0,0,-0.02
199408,"S&P 500",464.24,4.47,4.26,0.21,0.05,0.04,2.34,2.35,-0.01,0,0.01,6,6.1,-0.1,-0.02,-0.01
199409,"S&P 500",466.96,4.73,4.47,0.26,0.06,0.04,2.32,2.34,-0.02,-0.01,0,5.9,6,-0.1,-0.02,-0.01
199410,"S&P 500",463.81,4.76,4.73,0.03,0.01,0.04,2.26,2.32,-0.06,-0.03,-0.01,5.8,5.9,-0.1,-0.02,-0.02
199411,"S&P 500",461.02,5.29,4.76,0.53,0.11,0.06,2.28,2.26,0.02,0.01,-0.01,5.6,5.8,-0.2,-0.03,-0.02
199412,"S&P 500",455.19,5.45,5.29,0.16,0.03,0.05,2.25,2.28,-0.03,-0.01,-0.01,5.5,5.6,-0.1,-0.02,-0.02
199501,"S&P 500",465.25,5.53,5.45,0.08,0.01,0.05,2.35,2.25,0.1,0.04,0.01,5.6,5.5,0.1,0.02,-0.01
199502,"S&P 500",481.92,5.92,5.53,0.39,0.07,0.04,2.29,2.35,-0.06,-0.03,0,5.4,5.6,-0.2,-0.04,-0.01
199503,"S&P 500",493.15,5.98,5.92,0.06,0.01,0.03,2.25,2.29,-0.04,-0.02,0,5.4,5.4,0,0,-0.01
199504,"S&P 500",507.91,6.05,5.98,0.07,0.01,0.03,2.31,2.25,0.06,0.03,-0.01,5.8,5.4,0.4,0.07,0.01
199505,"S&P 500",523.81,6.01,6.05,-0.04,-0.01,0.01,2.27,2.31,-0.04,-0.02,0,5.6,5.8,-0.2,-0.03,0.01
199506,"S&P 500",539.35,6,6.01,-0.01,0,0,2.19,2.27,-0.08,-0.04,-0.01,5.6,5.6,0,0,0.01
199507,"S&P 500",557.37,5.85,6,-0.15,-0.03,-0.01,2.17,2.19,-0.02,-0.01,-0.02,5.7,5.6,0.1,0.02,-0.01
199508,"S&P 500",559.11,5.74,5.85,-0.11,-0.02,-0.02,2.22,2.17,0.05,0.02,-0.01,5.7,5.7,0,0,0.01
199509,"S&P 500",578.77,5.8,5.74,0.06,0.01,-0.01,2.23,2.22,0.01,0,0.01,5.6,5.7,-0.1,-0.02,0
199510,"S&P 500",582.92,5.76,5.8,-0.04,-0.01,-0.01,2.32,2.23,0.09,0.04,0.02,5.5,5.6,-0.1,-0.02,-0.01
199511,"S&P 500",595.53,5.8,5.76,0.04,0.01,0,2.28,2.32,-0.04,-0.02,0.01,5.6,5.5,0.1,0.02,-0.01
199512,"S&P 500",614.57,5.6,5.8,-0.2,-0.03,-0.01,2.32,2.28,0.04,0.02,0.01,5.6,5.6,0,0,0
199601,"S&P 500",614.42,5.56,5.6,-0.04,-0.01,-0.01,2.26,2.32,-0.06,-0.03,-0.01,5.6,5.6,0,0,0.01
199602,"S&P 500",649.54,5.22,5.56,-0.34,-0.06,-0.03,2.26,2.26,0,0,0,5.5,5.6,-0.1,-0.02,-0.01
199603,"S&P 500",647.07,5.31,5.22,0.09,0.02,-0.02,2.26,2.26,0,0,-0.01,5.5,5.5,0,0,-0.01
199604,"S&P 500",647.17,5.22,5.31,-0.09,-0.02,-0.02,2.23,2.26,-0.03,-0.01,0,5.6,5.5,0.1,0.02,0
199605,"S&P 500",661.23,5.24,5.22,0.02,0,0,2.25,2.23,0.02,0.01,0,5.6,5.6,0,0,0.01
199606,"S&P 500",668.5,5.27,5.24,0.03,0.01,0,2.29,2.25,0.04,0.02,0,5.3,5.6,-0.3,-0.05,-0.01
199607,"S&P 500",644.07,5.4,5.27,0.13,0.02,0.01,2.32,2.29,0.03,0.01,0.01,5.5,5.3,0.2,0.04,-0.01
199608,"S&P 500",662.68,5.22,5.4,-0.18,-0.03,0,2.31,2.32,-0.01,0,0.01,5.1,5.5,-0.4,-0.07,-0.03
199609,"S&P 500",674.89,5.3,5.22,0.08,0.02,0,2.37,2.31,0.06,0.03,0.01,5.2,5.1,0.1,0.02,-0.01
199610,"S&P 500",701.46,5.24,5.3,-0.06,-0.01,-0.01,2.34,2.37,-0.03,-0.01,0,5.2,5.2,0,0,-0.02
199611,"S&P 500",735.67,5.31,5.24,0.07,0.01,0.01,2.4,2.34,0.06,0.03,0.01,5.4,5.2,0.2,0.04,0.02
199612,"S&P 500",743.25,5.29,5.31,-0.02,0,0,2.38,2.4,-0.02,-0.01,0,5.4,5.4,0,0,0.01
199701,"S&P 500",766.22,5.25,5.29,-0.04,-0.01,0,2.35,2.38,-0.03,-0.01,0,5.3,5.4,-0.1,-0.02,0.01
199702,"S&P 500",798.38,5.19,5.25,-0.06,-0.01,-0.01,2.36,2.35,0.01,0,-0.01,5.2,5.3,-0.1,-0.02,-0.01
199703,"S&P 500",792.16,5.39,5.19,0.2,0.04,0.01,2.31,2.36,-0.05,-0.02,-0.01,5.2,5.2,0,0,-0.01
199704,"S&P 500",763.93,5.51,5.39,0.12,0.02,0.02,2.31,2.31,0,0,-0.01,5.1,5.2,-0.1,-0.02,-0.01
199705,"S&P 500",833.09,5.5,5.51,-0.01,0,0.02,2.22,2.31,-0.09,-0.04,-0.02,4.9,5.1,-0.2,-0.04,-0.02
199706,"S&P 500",876.29,5.56,5.5,0.06,0.01,0.01,2.22,2.22,0,0,-0.01,5,4.9,0.1,0.02,-0.01
199707,"S&P 500",925.29,5.52,5.56,-0.04,-0.01,0,2.13,2.22,-0.09,-0.04,-0.03,4.9,5,-0.1,-0.02,-0.01
199708,"S&P 500",927.74,5.54,5.52,0.02,0,0,2.06,2.13,-0.07,-0.03,-0.02,4.8,4.9,-0.1,-0.02,-0.01
199709,"S&P 500",937.02,5.54,5.54,0,0,0,2.05,2.06,-0.01,0,-0.03,4.9,4.8,0.1,0.02,-0.01
199710,"S&P 500",951.16,5.5,5.54,-0.04,-0.01,0,1.9,2.05,-0.15,-0.07,-0.04,4.7,4.9,-0.2,-0.04,-0.01
199711,"S&P 500",938.92,5.52,5.5,0.02,0,0,1.8,1.9,-0.1,-0.05,-0.04,4.6,4.7,-0.1,-0.02,-0.01
199712,"S&P 500",962.37,5.5,5.52,-0.02,0,0,1.73,1.8,-0.07,-0.04,-0.05,4.7,4.6,0.1,0.02,-0.01
199801,"S&P 500",963.36,5.56,5.5,0.06,0.01,0,1.66,1.73,-0.07,-0.04,-0.04,4.6,4.7,-0.1,-0.02,-0.01
199802,"S&P 500",1023.74,5.51,5.56,-0.05,-0.01,0,1.61,1.66,-0.05,-0.03,-0.04,4.6,4.6,0,0,0
199803,"S&P 500",1076.83,5.49,5.51,-0.02,0,0,1.65,1.61,0.04,0.02,-0.02,4.7,4.6,0.1,0.02,0
199804,"S&P 500",1112.2,5.45,5.49,-0.04,-0.01,-0.01,1.63,1.65,-0.02,-0.01,-0.01,4.3,4.7,-0.4,-0.09,-0.02
199805,"S&P 500",1108.42,5.49,5.45,0.04,0.01,0,1.71,1.63,0.08,0.05,0.02,4.4,4.3,0.1,0.02,-0.01
199806,"S&P 500",1108.39,5.56,5.49,0.07,0.01,0,1.64,1.71,-0.07,-0.04,0,4.5,4.4,0.1,0.02,-0.01
199807,"S&P 500",1156.58,5.54,5.56,-0.02,0,0.01,1.69,1.64,0.05,0.03,0.01,4.5,4.5,0,0,0.02
199808,"S&P 500",1074.62,5.55,5.54,0.01,0,0,1.75,1.69,0.06,0.04,0.01,4.5,4.5,0,0,0.01
199809,"S&P 500",1020.64,5.51,5.55,-0.04,-0.01,0,1.7,1.75,-0.05,-0.03,0.01,4.6,4.5,0.1,0.02,0.01
199810,"S&P 500",1032.47,5.07,5.51,-0.44,-0.08,-0.03,1.77,1.7,0.07,0.04,0.02,4.5,4.6,-0.1,-0.02,0
199811,"S&P 500",1144.43,4.83,5.07,-0.24,-0.05,-0.04,1.79,1.77,0.02,0.01,0.01,4.4,4.5,-0.1,-0.02,-0.01
199812,"S&P 500",1190.05,4.68,4.83,-0.15,-0.03,-0.05,1.82,1.79,0.03,0.02,0.02,4.4,4.4,0,0,-0.01
199901,"S&P 500",1248.77,4.63,4.68,-0.05,-0.01,-0.03,1.85,1.82,0.03,0.02,0.01,4.3,4.4,-0.1,-0.02,-0.01
199902,"S&P 500",1246.58,4.76,4.63,0.13,0.03,0,1.81,1.85,-0.04,-0.02,0,4.4,4.3,0.1,0.02,0
199903,"S&P 500",1281.66,4.81,4.76,0.05,0.01,0.01,1.74,1.81,-0.07,-0.04,-0.01,4.2,4.4,-0.2,-0.05,-0.01
199904,"S&P 500",1334.76,4.74,4.81,-0.07,-0.01,0.01,1.78,1.74,0.04,0.02,-0.01,4.3,4.2,0.1,0.02,0
199905,"S&P 500",1332.07,4.74,4.74,0,0,0,1.72,1.78,-0.06,-0.03,-0.02,4.2,4.3,-0.1,-0.02,-0.01
199906,"S&P 500",1322.55,4.76,4.74,0.02,0,0,1.74,1.72,0.02,0.01,0,4.3,4.2,0.1,0.02,0.01
199907,"S&P 500",1380.99,4.99,4.76,0.23,0.05,0.02,1.78,1.74,0.04,0.02,0,4.3,4.3,0,0,0
199908,"S&P 500",1327.49,5.07,4.99,0.08,0.02,0.02,1.73,1.78,-0.05,-0.03,0,4.2,4.3,-0.1,-0.02,0
199909,"S&P 500",1318.17,5.22,5.07,0.15,0.03,0.03,1.78,1.73,0.05,0.03,0.01,4.2,4.2,0,0,-0.01
199910,"S&P 500",1300.01,5.2,5.22,-0.02,0,0.01,1.78,1.78,0,0,0,4.1,4.2,-0.1,-0.02,-0.02
199911,"S&P 500",1391,5.42,5.2,0.22,0.04,0.02,1.82,1.78,0.04,0.02,0.02,4.1,4.1,0,0,-0.01
199912,"S&P 500",1428.68,5.3,5.42,-0.12,-0.02,0.01,1.85,1.82,0.03,0.02,0.01,4,4.1,-0.1,-0.02,-0.02
200001,"S&P 500",1425.59,5.45,5.3,0.15,0.03,0.02,1.97,1.85,0.12,0.06,0.03,4,4,0,0,-0.01
200002,"S&P 500",1388.87,5.73,5.45,0.28,0.05,0.02,2.09,1.97,0.12,0.06,0.05,4.1,4,0.1,0.03,0
200003,"S&P 500",1442.21,5.85,5.73,0.12,0.02,0.03,2.2,2.09,0.11,0.05,0.06,4,4.1,-0.1,-0.02,0
200004,"S&P 500",1461.36,6.02,5.85,0.17,0.03,0.03,2.15,2.2,-0.05,-0.02,0.03,3.8,4,-0.2,-0.05,-0.02
200005,"S&P 500",1418.48,6.27,6.02,0.25,0.04,0.03,2.2,2.15,0.05,0.02,0.02,4,3.8,0.2,0.05,-0.01
200006,"S&P 500",1461.96,6.53,6.27,0.26,0.04,0.04,2.26,2.2,0.06,0.03,0.01,4,4,0,0,0
200007,"S&P 500",1473,6.54,6.53,0.01,0,0.03,2.28,2.26,0.02,0.01,0.02,4,4,0,0,0.02
200008,"S&P 500",1485.46,6.5,6.54,-0.04,-0.01,0.01,2.31,2.28,0.03,0.01,0.02,4.1,4,0.1,0.03,0.01
200009,"S&P 500",1468.05,6.52,6.5,0.02,0,0,2.37,2.31,0.06,0.03,0.02,3.9,4.1,-0.2,-0.05,-0.01
200010,"S&P 500",1390.14,6.51,6.52,-0.01,0,0,2.41,2.37,0.04,0.02,0.02,3.9,3.9,0,0,-0.01
200011,"S&P 500",1375.04,6.51,6.51,0,0,0,2.44,2.41,0.03,0.01,0.02,3.9,3.9,0,0,-0.02
200012,"S&P 500",1330.93,6.4,6.51,-0.11,-0.02,-0.01,2.47,2.44,0.03,0.01,0.01,3.9,3.9,0,0,0
200101,"S&P 500",1335.64,5.98,6.4,-0.42,-0.07,-0.03,2.48,2.47,0.01,0,0.01,4.2,3.9,0.3,0.08,0.03
200102,"S&P 500",1305.75,5.49,5.98,-0.49,-0.08,-0.05,2.49,2.48,0.01,0,0.01,4.2,4.2,0,0,0.03
200103,"S&P 500",1185.85,5.31,5.49,-0.18,-0.03,-0.06,2.45,2.49,-0.04,-0.02,0,4.3,4.2,0.1,0.02,0.03
200104,"S&P 500",1189.84,4.8,5.31,-0.51,-0.1,-0.07,2.55,2.45,0.1,0.04,0.01,4.4,4.3,0.1,0.02,0.02
200105,"S&P 500",1270.37,4.21,4.8,-0.59,-0.12,-0.08,2.55,2.55,0,0,0.01,4.3,4.4,-0.1,-0.02,0.01
200106,"S&P 500",1238.71,3.97,4.21,-0.24,-0.06,-0.09,2.64,2.55,0.09,0.04,0.03,4.5,4.3,0.2,0.05,0.02
200107,"S&P 500",1204.45,3.77,3.97,-0.2,-0.05,-0.08,2.61,2.64,-0.03,-0.01,0.01,4.6,4.5,0.1,0.02,0.02
200108,"S&P 500",1178.5,3.65,3.77,-0.12,-0.03,-0.05,2.63,2.61,0.02,0.01,0.01,4.9,4.6,0.3,0.07,0.04
200109,"S&P 500",1044.64,3.07,3.65,-0.58,-0.16,-0.08,2.52,2.63,-0.11,-0.04,-0.02,5,4.9,0.1,0.02,0.04
200110,"S&P 500",1076.59,2.49,3.07,-0.58,-0.19,-0.13,2.49,2.52,-0.03,-0.01,-0.02,5.3,5,0.3,0.06,0.05
200111,"S&P 500",1129.68,2.09,2.49,-0.4,-0.16,-0.17,2.46,2.49,-0.03,-0.01,-0.02,5.5,5.3,0.2,0.04,0.04
200112,"S&P 500",1144.93,1.82,2.09,-0.27,-0.13,-0.16,2.38,2.46,-0.08,-0.03,-0.02,5.7,5.5,0.2,0.04,0.04
200201,"S&P 500",1140.21,1.73,1.82,-0.09,-0.05,-0.11,2.25,2.38,-0.13,-0.05,-0.03,5.7,5.7,0,0,0.02
200202,"S&P 500",1100.67,1.74,1.73,0.01,0.01,-0.06,2.24,2.25,-0.01,0,-0.03,5.7,5.7,0,0,0.01
200203,"S&P 500",1153.79,1.73,1.74,-0.01,-0.01,-0.02,2.23,2.24,-0.01,0,-0.02,5.7,5.7,0,0,0
200204,"S&P 500",1112.03,1.75,1.73,0.02,0.01,0,2.19,2.23,-0.04,-0.02,-0.01,5.9,5.7,0.2,0.04,0.01
200205,"S&P 500",1079.27,1.75,1.75,0,0,0,2.13,2.19,-0.06,-0.03,-0.02,5.8,5.9,-0.1,-0.02,0.01
200206,"S&P 500",1014.05,1.75,1.75,0,0,0,2.03,2.13,-0.1,-0.05,-0.03,5.8,5.8,0,0,0.01
200207,"S&P 500",903.59,1.73,1.75,-0.02,-0.01,0,2.04,2.03,0.01,0,-0.02,5.8,5.8,0,0,-0.01
200208,"S&P 500",912.55,1.74,1.73,0.01,0.01,0,2.02,2.04,-0.02,-0.01,-0.02,5.7,5.8,-0.1,-0.02,-0.01
200209,"S&P 500",867.81,1.75,1.74,0.01,0.01,0,2.08,2.02,0.06,0.03,0.01,5.7,5.7,0,0,-0.01
200210,"S&P 500",854.63,1.75,1.75,0,0,0,2.08,2.08,0,0,0.01,5.7,5.7,0,0,-0.01
200211,"S&P 500",909.93,1.34,1.75,-0.41,-0.23,-0.08,2.06,2.08,-0.02,-0.01,0.01,5.9,5.7,0.2,0.04,0.01
200212,"S&P 500",899.18,1.24,1.34,-0.1,-0.07,-0.1,2.08,2.06,0.02,0.01,0,6,5.9,0.1,0.02,0.02
200301,"S&P 500",895.84,1.24,1.24,0,0,-0.1,2.05,2.08,-0.03,-0.01,0,5.8,6,-0.2,-0.03,0.01
200302,"S&P 500",837.62,1.26,1.24,0.02,0.02,-0.02,1.98,2.05,-0.07,-0.03,-0.01,5.9,5.8,0.1,0.02,0
200303,"S&P 500",846.62,1.25,1.26,-0.01,-0.01,0,1.96,1.98,-0.02,-0.01,-0.02,5.9,5.9,0,0,-0.01
200304,"S&P 500",890.03,1.26,1.25,0.01,0.01,0.01,1.79,1.96,-0.17,-0.09,-0.04,6,5.9,0.1,0.02,0.01
200305,"S&P 500",935.96,1.26,1.26,0,0,0,1.77,1.79,-0.02,-0.01,-0.04,6.1,6,0.1,0.02,0.01
200306,"S&P 500",988,1.22,1.26,-0.04,-0.03,-0.01,1.68,1.77,-0.09,-0.05,-0.05,6.3,6.1,0.2,0.03,0.02
200307,"S&P 500",992.54,1.01,1.22,-0.21,-0.17,-0.07,1.7,1.68,0.02,0.01,-0.02,6.2,6.3,-0.1,-0.02,0.01
200308,"S&P 500",989.53,1.03,1.01,0.02,0.02,-0.06,1.73,1.7,0.03,0.02,-0.01,6.1,6.2,-0.1,-0.02,0
200309,"S&P 500",1019.44,1.01,1.03,-0.02,-0.02,-0.06,1.67,1.73,-0.06,-0.03,0,6.1,6.1,0,0,-0.01
200310,"S&P 500",1038.73,1.01,1.01,0,0,0,1.65,1.67,-0.02,-0.01,-0.01,6,6.1,-0.1,-0.02,-0.01
200311,"S&P 500",1049.9,1,1.01,-0.01,-0.01,-0.01,1.65,1.65,0,0,-0.02,5.8,6,-0.2,-0.03,-0.02
200312,"S&P 500",1080.64,0.98,1,-0.02,-0.02,-0.01,1.66,1.65,0.01,0.01,0,5.7,5.8,-0.1,-0.02,-0.02
200401,"S&P 500",1132.52,1,0.98,0.02,0.02,0,1.77,1.66,0.11,0.07,0.02,5.7,5.7,0,0,-0.02
200402,"S&P 500",1143.36,1.01,1,0.01,0.01,0,1.85,1.77,0.08,0.05,0.04,5.6,5.7,-0.1,-0.02,-0.01
200403,"S&P 500",1123.98,1,1.01,-0.01,-0.01,0.01,1.86,1.85,0.01,0.01,0.04,5.8,5.6,0.2,0.04,0.01
200404,"S&P 500",1133.08,1,1,0,0,0,2.1,1.86,0.24,0.13,0.06,5.6,5.8,-0.2,-0.03,-0.01
200405,"S&P 500",1102.78,1,1,0,0,0,2.2,2.1,0.1,0.05,0.06,5.6,5.6,0,0,0
200406,"S&P 500",1132.76,1.03,1,0.03,0.03,0.01,2.32,2.2,0.12,0.05,0.08,5.6,5.6,0,0,-0.01
200407,"S&P 500",1105.85,1.26,1.03,0.23,0.22,0.08,2.26,2.32,-0.06,-0.03,0.03,5.5,5.6,-0.1,-0.02,-0.01
200408,"S&P 500",1088.93,1.43,1.26,0.17,0.13,0.13,2.2,2.26,-0.06,-0.03,0,5.4,5.5,-0.1,-0.02,-0.01
200409,"S&P 500",1117.66,1.61,1.43,0.18,0.13,0.16,2.2,2.2,0,0,-0.02,5.4,5.4,0,0,-0.01
200410,"S&P 500",1118.07,1.76,1.61,0.15,0.09,0.12,2.23,2.2,0.03,0.01,0,5.5,5.4,0.1,0.02,0
200411,"S&P 500",1168.94,1.93,1.76,0.17,0.1,0.11,2.27,2.23,0.04,0.02,0.01,5.4,5.5,-0.1,-0.02,0
200412,"S&P 500",1199.21,2.16,1.93,0.23,0.12,0.1,2.28,2.27,0.01,0,0.01,5.4,5.4,0,0,0
200501,"S&P 500",1181.41,2.28,2.16,0.12,0.06,0.09,2.37,2.28,0.09,0.04,0.02,5.3,5.4,-0.1,-0.02,-0.01
200502,"S&P 500",1199.63,2.5,2.28,0.22,0.1,0.09,2.37,2.37,0,0,0.01,5.4,5.3,0.1,0.02,0
200503,"S&P 500",1194.9,2.63,2.5,0.13,0.05,0.07,2.38,2.37,0.01,0,0.01,5.2,5.4,-0.2,-0.04,-0.01
200504,"S&P 500",1164.43,2.79,2.63,0.16,0.06,0.07,2.27,2.38,-0.11,-0.05,-0.01,5.2,5.2,0,0,-0.01
200505,"S&P 500",1178.28,3,2.79,0.21,0.08,0.06,2.23,2.27,-0.04,-0.02,-0.02,5.1,5.2,-0.1,-0.02,-0.02
200506,"S&P 500",1202.25,3.04,3,0.04,0.01,0.05,2.16,2.23,-0.07,-0.03,-0.03,5,5.1,-0.1,-0.02,-0.01
200507,"S&P 500",1222.24,3.26,3.04,0.22,0.07,0.05,2.23,2.16,0.07,0.03,-0.01,5,5,0,0,-0.01
200508,"S&P 500",1224.27,3.5,3.26,0.24,0.07,0.05,2.26,2.23,0.03,0.01,0,4.9,5,-0.1,-0.02,-0.01
200509,"S&P 500",1225.91,3.62,3.5,0.12,0.03,0.06,2.37,2.26,0.11,0.05,0.03,5,4.9,0.1,0.02,0
200510,"S&P 500",1191.96,3.78,3.62,0.16,0.04,0.05,2.42,2.37,0.05,0.02,0.03,5,5,0,0,0
200511,"S&P 500",1237.37,4,3.78,0.22,0.06,0.05,2.43,2.42,0.01,0,0.02,5,5,0,0,0.01
200512,"S&P 500",1262.07,4.16,4,0.16,0.04,0.05,2.41,2.43,-0.02,-0.01,0.01,4.9,5,-0.1,-0.02,-0.01
200601,"S&P 500",1278.72,4.29,4.16,0.13,0.03,0.04,2.37,2.41,-0.04,-0.02,-0.01,4.7,4.9,-0.2,-0.04,-0.02
200602,"S&P 500",1276.65,4.49,4.29,0.2,0.05,0.04,2.32,2.37,-0.05,-0.02,-0.02,4.8,4.7,0.1,0.02,-0.01
200603,"S&P 500",1293.73,4.59,4.49,0.1,0.02,0.03,2.37,2.32,0.05,0.02,-0.01,4.7,4.8,-0.1,-0.02,-0.01
200604,"S&P 500",1302.17,4.79,4.59,0.2,0.04,0.04,2.46,2.37,0.09,0.04,0.01,4.7,4.7,0,0,0
200605,"S&P 500",1290.01,4.94,4.79,0.15,0.03,0.03,2.6,2.46,0.14,0.06,0.04,4.6,4.7,-0.1,-0.02,-0.01
200606,"S&P 500",1253.17,4.99,4.94,0.05,0.01,0.03,2.77,2.6,0.17,0.07,0.05,4.6,4.6,0,0,-0.01
200607,"S&P 500",1260.23,5.24,4.99,0.25,0.05,0.03,2.78,2.77,0.01,0,0.04,4.7,4.6,0.1,0.02,0
200608,"S&P 500",1287.15,5.25,5.24,0.01,0,0.02,2.85,2.78,0.07,0.03,0.03,4.7,4.7,0,0,0.01
200609,"S&P 500",1317.74,5.25,5.25,0,0,0.02,2.76,2.85,-0.09,-0.03,0,4.5,4.7,-0.2,-0.04,-0.01
200610,"S&P 500",1363.38,5.25,5.25,0,0,0,2.68,2.76,-0.08,-0.03,-0.01,4.4,4.5,-0.1,-0.02,-0.02
200611,"S&P 500",1388.63,5.25,5.25,0,0,0,2.55,2.68,-0.13,-0.05,-0.04,4.5,4.4,0.1,0.02,-0.01
200612,"S&P 500",1416.42,5.24,5.25,-0.01,0,0,2.66,2.55,0.11,0.04,-0.01,4.4,4.5,-0.1,-0.02,-0.01
200701,"S&P 500",1424.16,5.25,5.24,0.01,0,0,2.7,2.66,0.04,0.02,0,4.6,4.4,0.2,0.05,0.02
200702,"S&P 500",1444.79,5.26,5.25,0.01,0,0,2.81,2.7,0.11,0.04,0.03,4.5,4.6,-0.1,-0.02,0
200703,"S&P 500",1406.95,5.26,5.26,0,0,0,2.75,2.81,-0.06,-0.02,0.01,4.4,4.5,-0.1,-0.02,0
200704,"S&P 500",1463.64,5.25,5.26,-0.01,0,0,2.64,2.75,-0.11,-0.04,-0.01,4.5,4.4,0.1,0.02,-0.01
200705,"S&P 500",1511.14,5.25,5.25,0,0,0,2.49,2.64,-0.15,-0.06,-0.04,4.4,4.5,-0.1,-0.02,-0.01
200706,"S&P 500",1514.49,5.25,5.25,0,0,0,2.39,2.49,-0.1,-0.04,-0.05,4.6,4.4,0.2,0.05,0.02
200707,"S&P 500",1520.7,5.26,5.25,0.01,0,0,2.32,2.39,-0.07,-0.03,-0.04,4.7,4.6,0.1,0.02,0.01
200708,"S&P 500",1454.62,5.02,5.26,-0.24,-0.05,-0.01,2.27,2.32,-0.05,-0.02,-0.03,4.6,4.7,-0.1,-0.02,0.02
200709,"S&P 500",1497.12,4.94,5.02,-0.08,-0.02,-0.02,2.36,2.27,0.09,0.04,0,4.7,4.6,0.1,0.02,0.01
200710,"S&P 500",1539.66,4.76,4.94,-0.18,-0.04,-0.03,2.45,2.36,0.09,0.04,0.02,4.7,4.7,0,0,0
200711,"S&P 500",1463.39,4.49,4.76,-0.27,-0.06,-0.04,2.63,2.45,0.18,0.07,0.05,4.7,4.7,0,0,0.01
200712,"S&P 500",1479.22,4.24,4.49,-0.25,-0.06,-0.05,2.6,2.63,-0.03,-0.01,0.03,5,4.7,0.3,0.06,0.02
200801,"S&P 500",1378.76,3.94,4.24,-0.3,-0.07,-0.06,2.54,2.6,-0.06,-0.02,0.01,5,5,0,0,0.02
200802,"S&P 500",1354.87,2.98,3.94,-0.96,-0.24,-0.12,2.42,2.54,-0.12,-0.05,-0.03,4.9,5,-0.1,-0.02,0.01
200803,"S&P 500",1316.94,2.61,2.98,-0.37,-0.12,-0.15,2.48,2.42,0.06,0.02,-0.02,5.1,4.9,0.2,0.04,0.01
200804,"S&P 500",1370.47,2.28,2.61,-0.33,-0.13,-0.16,2.52,2.48,0.04,0.02,0,5,5.1,-0.1,-0.02,0
200805,"S&P 500",1403.22,1.98,2.28,-0.3,-0.13,-0.13,2.57,2.52,0.05,0.02,0.02,5.4,5,0.4,0.08,0.03
200806,"S&P 500",1341.25,2,1.98,0.02,0.01,-0.08,2.62,2.57,0.05,0.02,0.02,5.6,5.4,0.2,0.04,0.03
200807,"S&P 500",1257.33,2.01,2,0.01,0.01,-0.04,2.71,2.62,0.09,0.03,0.02,5.8,5.6,0.2,0.04,0.05
200808,"S&P 500",1281.47,2,2.01,-0.01,0,0,2.66,2.71,-0.05,-0.02,0.01,6.1,5.8,0.3,0.05,0.04
200809,"S&P 500",1217.02,1.81,2,-0.19,-0.1,-0.03,2.59,2.66,-0.07,-0.03,0,6.1,6.1,0,0,0.03
200810,"S&P 500",968.8,0.97,1.81,-0.84,-0.46,-0.19,2.47,2.59,-0.12,-0.05,-0.03,6.5,6.1,0.4,0.07,0.04
200811,"S&P 500",883.04,0.39,0.97,-0.58,-0.6,-0.39,2.4,2.47,-0.07,-0.03,-0.03,6.8,6.5,0.3,0.05,0.04
200812,"S&P 500",877.56,0.16,0.39,-0.23,-0.59,-0.55,2.27,2.4,-0.13,-0.05,-0.04,7.3,6.8,0.5,0.07,0.06
200901,"S&P 500",865.58,0.15,0.16,-0.01,-0.06,-0.42,2.27,2.27,0,0,-0.03,7.8,7.3,0.5,0.07,0.06
200902,"S&P 500",805.23,0.22,0.15,0.07,0.47,-0.06,2.27,2.27,0,0,-0.02,8.3,7.8,0.5,0.06,0.07
200903,"S&P 500",757.13,0.18,0.22,-0.04,-0.18,0.07,2.18,2.27,-0.09,-0.04,-0.01,8.7,8.3,0.4,0.05,0.06
200904,"S&P 500",848.15,0.15,0.18,-0.03,-0.17,0.04,2.12,2.18,-0.06,-0.03,-0.02,9,8.7,0.3,0.03,0.05
200905,"S&P 500",902.41,0.18,0.15,0.03,0.2,-0.05,2.04,2.12,-0.08,-0.04,-0.03,9.4,9,0.4,0.04,0.04
200906,"S&P 500",926.12,0.21,0.18,0.03,0.17,0.07,1.91,2.04,-0.13,-0.06,-0.04,9.5,9.4,0.1,0.01,0.03
200907,"S&P 500",935.82,0.16,0.21,-0.05,-0.24,0.04,1.66,1.91,-0.25,-0.13,-0.08,9.5,9.5,0,0,0.02
200908,"S&P 500",1009.72,0.16,0.16,0,0,-0.02,1.65,1.66,-0.01,-0.01,-0.07,9.6,9.5,0.1,0.01,0.01
200909,"S&P 500",1044.55,0.15,0.16,-0.01,-0.06,-0.1,1.53,1.65,-0.12,-0.07,-0.07,9.8,9.6,0.2,0.02,0.01
200910,"S&P 500",1067.66,0.12,0.15,-0.03,-0.2,-0.09,1.55,1.53,0.02,0.01,-0.02,10,9.8,0.2,0.02,0.02
200911,"S&P 500",1088.07,0.12,0.12,0,0,-0.09,1.43,1.55,-0.12,-0.08,-0.05,9.9,10,-0.1,-0.01,0.01
200912,"S&P 500",1110.38,0.12,0.12,0,0,-0.07,1.39,1.43,-0.04,-0.03,-0.03,9.9,9.9,0,0,0
201001,"S&P 500",1123.58,0.11,0.12,-0.01,-0.08,-0.03,1.23,1.39,-0.16,-0.12,-0.07,9.8,9.9,-0.1,-0.01,-0.01
201002,"S&P 500",1089.16,0.13,0.11,0.02,0.18,0.03,1.11,1.23,-0.12,-0.1,-0.08,9.8,9.8,0,0,0
201003,"S&P 500",1152.05,0.16,0.13,0.03,0.23,0.11,1.03,1.11,-0.08,-0.07,-0.09,9.9,9.8,0.1,0.01,0
201004,"S&P 500",1197.32,0.2,0.16,0.04,0.25,0.22,0.94,1.03,-0.09,-0.09,-0.09,9.9,9.9,0,0,0
201005,"S&P 500",1125.06,0.2,0.2,0,0,0.16,0.88,0.94,-0.06,-0.06,-0.07,9.6,9.9,-0.3,-0.03,-0.01
201006,"S&P 500",1083.36,0.18,0.2,-0.02,-0.1,0.05,0.8,0.88,-0.08,-0.09,-0.08,9.4,9.6,-0.2,-0.02,-0.02
201007,"S&P 500",1079.8,0.18,0.18,0,0,-0.03,0.84,0.8,0.04,0.05,-0.03,9.4,9.4,0,0,-0.02
201008,"S&P 500",1087.28,0.19,0.18,0.01,0.06,-0.01,0.84,0.84,0,0,-0.01,9.5,9.4,0.1,0.01,0
201009,"S&P 500",1122.08,0.19,0.19,0,0,0.02,0.87,0.84,0.03,0.04,0.03,9.5,9.5,0,0,0
201010,"S&P 500",1171.58,0.19,0.19,0,0,0.02,0.78,0.87,-0.09,-0.1,-0.02,9.4,9.5,-0.1,-0.01,0
201011,"S&P 500",1198.89,0.19,0.19,0,0,0,0.83,0.78,0.05,0.06,0,9.8,9.4,0.4,0.04,0.01
201012,"S&P 500",1241.53,0.18,0.19,-0.01,-0.05,-0.02,0.88,0.83,0.05,0.06,0.01,9.3,9.8,-0.5,-0.05,-0.01
201101,"S&P 500",1282.62,0.17,0.18,-0.01,-0.06,-0.04,0.99,0.88,0.11,0.13,0.08,9.2,9.3,-0.1,-0.01,-0.01
201102,"S&P 500",1321.12,0.16,0.17,-0.01,-0.06,-0.06,1.15,0.99,0.16,0.16,0.12,9,9.2,-0.2,-0.02,-0.03
201103,"S&P 500",1304.49,0.14,0.16,-0.02,-0.13,-0.08,1.28,1.15,0.13,0.11,0.13,9,9,0,0,-0.01
201104,"S&P 500",1331.51,0.1,0.14,-0.04,-0.29,-0.16,1.41,1.28,0.13,0.1,0.13,9.1,9,0.1,0.01,0
201105,"S&P 500",1338.31,0.09,0.1,-0.01,-0.1,-0.17,1.55,1.41,0.14,0.1,0.1,9,9.1,-0.1,-0.01,0
201106,"S&P 500",1287.29,0.09,0.09,0,0,-0.13,1.62,1.55,0.07,0.05,0.08,9.1,9,0.1,0.01,0
201107,"S&P 500",1325.18,0.07,0.09,-0.02,-0.22,-0.11,1.7,1.62,0.08,0.05,0.06,9,9.1,-0.1,-0.01,0
201108,"S&P 500",1185.31,0.1,0.07,0.03,0.43,0.07,1.79,1.7,0.09,0.05,0.05,9,9,0,0,0
201109,"S&P 500",1173.88,0.08,0.1,-0.02,-0.2,0,1.84,1.79,0.05,0.03,0.04,9,9,0,0,0
201110,"S&P 500",1207.22,0.07,0.08,-0.01,-0.13,0.03,1.93,1.84,0.09,0.05,0.04,8.8,9,-0.2,-0.02,-0.01
201111,"S&P 500",1226.41,0.08,0.07,0.01,0.14,-0.06,2,1.93,0.07,0.04,0.04,8.6,8.8,-0.2,-0.02,-0.01
201112,"S&P 500",1243.32,0.07,0.08,-0.01,-0.13,-0.04,2.06,2,0.06,0.03,0.04,8.5,8.6,-0.1,-0.01,-0.02
201201,"S&P 500",1300.58,0.08,0.07,0.01,0.14,0.05,2.1,2.06,0.04,0.02,0.03,8.3,8.5,-0.2,-0.02,-0.02
201202,"S&P 500",1352.49,0.1,0.08,0.02,0.25,0.09,2.03,2.1,-0.07,-0.03,0.01,8.3,8.3,0,0,-0.01
201203,"S&P 500",1389.24,0.13,0.1,0.03,0.3,0.23,2.02,2.03,-0.01,0,-0.01,8.2,8.3,-0.1,-0.01,-0.01
201204,"S&P 500",1386.43,0.14,0.13,0.01,0.08,0.21,2,2.02,-0.02,-0.01,-0.02,8.2,8.2,0,0,0
201205,"S&P 500",1341.27,0.16,0.14,0.02,0.14,0.17,1.93,2,-0.07,-0.04,-0.02,8.2,8.2,0,0,0
201206,"S&P 500",1323.48,0.16,0.16,0,0,0.07,1.9,1.93,-0.03,-0.02,-0.02,8.2,8.2,0,0,0
201207,"S&P 500",1359.78,0.16,0.16,0,0,0.05,1.85,1.9,-0.05,-0.03,-0.03,8.2,8.2,0,0,0
201208,"S&P 500",1403.45,0.13,0.16,-0.03,-0.19,-0.06,1.79,1.85,-0.06,-0.03,-0.02,8,8.2,-0.2,-0.02,-0.01
201209,"S&P 500",1443.42,0.14,0.13,0.01,0.08,-0.04,1.8,1.79,0.01,0.01,-0.02,7.8,8,-0.2,-0.03,-0.02
201210,"S&P 500",1437.82,0.16,0.14,0.02,0.14,0.01,1.78,1.8,-0.02,-0.01,-0.01,7.8,7.8,0,0,-0.02
201211,"S&P 500",1394.51,0.16,0.16,0,0,0.07,1.7,1.78,-0.08,-0.04,-0.02,7.7,7.8,-0.1,-0.01,-0.01
201212,"S&P 500",1422.29,0.16,0.16,0,0,0.05,1.62,1.7,-0.08,-0.05,-0.03,7.9,7.7,0.2,0.03,0
201301,"S&P 500",1480.4,0.14,0.16,-0.02,-0.13,-0.04,1.58,1.62,-0.04,-0.02,-0.04,8,7.9,0.1,0.01,0.01
201302,"S&P 500",1512.31,0.15,0.14,0.01,0.07,-0.02,1.62,1.58,0.04,0.03,-0.02,7.7,8,-0.3,-0.04,0
201303,"S&P 500",1550.83,0.14,0.15,-0.01,-0.07,-0.04,1.57,1.62,-0.05,-0.03,-0.01,7.5,7.7,-0.2,-0.03,-0.02
201304,"S&P 500",1570.7,0.15,0.14,0.01,0.07,0.03,1.43,1.57,-0.14,-0.09,-0.03,7.6,7.5,0.1,0.01,-0.02
201305,"S&P 500",1639.84,0.11,0.15,-0.04,-0.27,-0.09,1.4,1.43,-0.03,-0.02,-0.05,7.5,7.6,-0.1,-0.01,-0.01
201306,"S&P 500",1618.77,0.09,0.11,-0.02,-0.18,-0.13,1.5,1.4,0.1,0.07,-0.01,7.5,7.5,0,0,0
201307,"S&P 500",1668.68,0.09,0.09,0,0,-0.15,1.55,1.5,0.05,0.03,0.03,7.3,7.5,-0.2,-0.03,-0.01
201308,"S&P 500",1670.09,0.08,0.09,-0.01,-0.11,-0.1,1.54,1.55,-0.01,-0.01,0.03,7.2,7.3,-0.1,-0.01,-0.01
201309,"S&P 500",1687.17,0.08,0.08,0,0,-0.04,1.52,1.54,-0.02,-0.01,0,7.2,7.2,0,0,-0.01
201310,"S&P 500",1720.03,0.09,0.08,0.01,0.13,0,1.53,1.52,0.01,0.01,0,7.2,7.2,0,0,0
201311,"S&P 500",1783.54,0.08,0.09,-0.01,-0.11,0,1.61,1.53,0.08,0.05,0.02,7,7.2,-0.2,-0.03,-0.01
201312,"S&P 500",1807.78,0.09,0.08,0.01,0.13,0.05,1.66,1.61,0.05,0.03,0.03,6.7,7,-0.3,-0.04,-0.02
201401,"S&P 500",1822.36,0.07,0.09,-0.02,-0.22,-0.07,1.62,1.66,-0.04,-0.02,0.02,6.6,6.7,-0.1,-0.01,-0.03
201402,"S&P 500",1817.03,0.07,0.07,0,0,-0.03,1.57,1.62,-0.05,-0.03,-0.01,6.7,6.6,0.1,0.02,-0.01
201403,"S&P 500",1863.52,0.08,0.07,0.01,0.14,-0.03,1.6,1.57,0.03,0.02,-0.01,6.6,6.7,-0.1,-0.01,0
201404,"S&P 500",1864.26,0.09,0.08,0.01,0.13,0.09,1.75,1.6,0.15,0.09,0.03,6.2,6.6,-0.4,-0.06,-0.02
201405,"S&P 500",1889.77,0.09,0.09,0,0,0.09,1.8,1.75,0.05,0.03,0.05,6.3,6.2,0.1,0.02,-0.02
201406,"S&P 500",1947.09,0.1,0.09,0.01,0.11,0.08,1.76,1.8,-0.04,-0.02,0.03,6.1,6.3,-0.2,-0.03,-0.03
201407,"S&P 500",1973.1,0.09,0.1,-0.01,-0.1,0,1.78,1.76,0.02,0.01,0.01,6.2,6.1,0.1,0.02,0
201408,"S&P 500",1961.53,0.09,0.09,0,0,0,1.73,1.78,-0.05,-0.03,-0.01,6.1,6.2,-0.1,-0.02,-0.01
201409,"S&P 500",1993.23,0.09,0.09,0,0,-0.03,1.74,1.73,0.01,0.01,0,5.9,6.1,-0.2,-0.03,-0.01
201410,"S&P 500",1937.27,0.09,0.09,0,0,0,1.71,1.74,-0.03,-0.02,-0.01,5.7,5.9,-0.2,-0.03,-0.03
201411,"S&P 500",2044.57,0.09,0.09,0,0,0,1.69,1.71,-0.02,-0.01,-0.01,5.8,5.7,0.1,0.02,-0.02
201412,"S&P 500",2054.27,0.12,0.09,0.03,0.33,0.11,1.66,1.69,-0.03,-0.02,-0.02,5.6,5.8,-0.2,-0.03,-0.02
201501,"S&P 500",2028.18,0.11,0.12,-0.01,-0.08,0.08,1.56,1.66,-0.1,-0.06,-0.03,5.7,5.6,0.1,0.02,0
201502,"S&P 500",2082.2,0.11,0.11,0,0,0.08,1.61,1.56,0.05,0.03,-0.02,5.5,5.7,-0.2,-0.04,-0.02
201503,"S&P 500",2079.99,0.11,0.11,0,0,-0.03,1.61,1.61,0,0,-0.01,5.4,5.5,-0.1,-0.02,-0.01
201504,"S&P 500",2094.86,0.12,0.11,0.01,0.09,0.03,1.61,1.61,0,0,0.01,5.4,5.4,0,0,-0.02
201505,"S&P 500",2111.94,0.12,0.12,0,0,0.03,1.6,1.61,-0.01,-0.01,0,5.6,5.4,0.2,0.04,0.01
201506,"S&P 500",2099.28,0.13,0.12,0.01,0.08,0.06,1.62,1.6,0.02,0.01,0,5.3,5.6,-0.3,-0.05,-0.01
201507,"S&P 500",2094.14,0.13,0.13,0,0,0.03,1.59,1.62,-0.03,-0.02,0,5.2,5.3,-0.1,-0.02,-0.01
201508,"S&P 500",2039.87,0.14,0.13,0.01,0.08,0.05,1.63,1.59,0.04,0.03,0.01,5.1,5.2,-0.1,-0.02,-0.03
201509,"S&P 500",1944.4,0.14,0.14,0,0,0.03,1.62,1.63,-0.01,-0.01,0,5,5.1,-0.1,-0.02,-0.02
201510,"S&P 500",2024.81,0.12,0.14,-0.02,-0.14,-0.02,1.57,1.62,-0.05,-0.03,0,5,5,0,0,-0.01
201511,"S&P 500",2080.62,0.12,0.12,0,0,-0.05,1.53,1.57,-0.04,-0.03,-0.02,5.1,5,0.1,0.02,0
201512,"S&P 500",2054.08,0.24,0.12,0.12,1,0.29,1.52,1.53,-0.01,-0.01,-0.02,5,5.1,-0.1,-0.02,0
201601,"S&P 500",1918.6,0.34,0.24,0.1,0.42,0.47,1.64,1.52,0.12,0.08,0.02,4.8,5,-0.2,-0.04,-0.01
201602,"S&P 500",1904.42,0.38,0.34,0.04,0.12,0.51,1.64,1.64,0,0,0.02,4.9,4.8,0.1,0.02,-0.01
201603,"S&P 500",2021.95,0.36,0.38,-0.02,-0.05,0.16,1.63,1.64,-0.01,-0.01,0.02,5,4.9,0.1,0.02,0
201604,"S&P 500",2075.54,0.37,0.36,0.01,0.03,0.03,1.68,1.63,0.05,0.03,0.01,5.1,5,0.1,0.02,0.02
201605,"S&P 500",2065.55,0.37,0.37,0,0,-0.01,1.7,1.68,0.02,0.01,0.01,4.8,5.1,-0.3,-0.06,-0.01
201606,"S&P 500",2083.89,0.38,0.37,0.01,0.03,0.02,1.69,1.7,-0.01,-0.01,0.01,4.9,4.8,0.1,0.02,-0.01
201607,"S&P 500",2148.9,0.39,0.38,0.01,0.03,0.02,1.73,1.69,0.04,0.02,0.01,4.8,4.9,-0.1,-0.02,-0.02
201608,"S&P 500",2177.48,0.4,0.39,0.01,0.03,0.03,1.77,1.73,0.04,0.02,0.01,4.9,4.8,0.1,0.02,0.01
201609,"S&P 500",2157.69,0.4,0.4,0,0,0.02,1.79,1.77,0.02,0.01,0.02,5,4.9,0.1,0.02,0.01
201610,"S&P 500",2143.02,0.4,0.4,0,0,0.01,1.86,1.79,0.07,0.04,0.02,4.9,5,-0.1,-0.02,0.01
201611,"S&P 500",2164.99,0.41,0.4,0.01,0.03,0.01,1.89,1.86,0.03,0.02,0.02,4.7,4.9,-0.2,-0.04,-0.01
201612,"S&P 500",2246.63,0.54,0.41,0.13,0.32,0.11,1.94,1.89,0.05,0.03,0.03,4.7,4.7,0,0,-0.02
201701,"S&P 500",2275.12,0.65,0.54,0.11,0.2,0.18,2.01,1.94,0.07,0.04,0.03,4.7,4.7,0,0,-0.01
201702,"S&P 500",2329.91,0.66,0.65,0.01,0.02,0.18,1.96,2.01,-0.05,-0.02,0.01,4.6,4.7,-0.1,-0.02,-0.01
201703,"S&P 500",2366.82,0.79,0.66,0.13,0.2,0.14,1.91,1.96,-0.05,-0.03,0,4.4,4.6,-0.2,-0.04,-0.02
201704,"S&P 500",2359.31,0.9,0.79,0.11,0.14,0.12,1.85,1.91,-0.06,-0.03,-0.03,4.5,4.4,0.1,0.02,-0.01
201705,"S&P 500",2395.35,0.91,0.9,0.01,0.01,0.12,1.78,1.85,-0.07,-0.04,-0.03,4.4,4.5,-0.1,-0.02,-0.01
201706,"S&P 500",2433.99,1.04,0.91,0.13,0.14,0.1,1.79,1.78,0.01,0.01,-0.02,4.3,4.4,-0.1,-0.02,-0.01
201707,"S&P 500",2454.1,1.15,1.04,0.11,0.11,0.09,1.72,1.79,-0.07,-0.04,-0.02,4.3,4.3,0,0,-0.01
201708,"S&P 500",2456.22,1.16,1.15,0.01,0.01,0.09,1.71,1.72,-0.01,-0.01,-0.01,4.4,4.3,0.1,0.02,0
201709,"S&P 500",2492.84,1.15,1.16,-0.01,-0.01,0.04,1.71,1.71,0,0,-0.01,4.2,4.4,-0.2,-0.05,-0.01
201710,"S&P 500",2557,1.15,1.15,0,0,0,1.73,1.71,0.02,0.01,0,4.1,4.2,-0.1,-0.02,-0.02
201711,"S&P 500",2593.61,1.16,1.15,0.01,0.01,0,1.74,1.73,0.01,0.01,0.01,4.2,4.1,0.1,0.02,-0.01
201712,"S&P 500",2664.34,1.3,1.16,0.14,0.12,0.04,1.77,1.74,0.03,0.02,0.01,4.1,4.2,-0.1,-0.02,-0.01
201801,"S&P 500",2789.8,1.41,1.3,0.11,0.08,0.07,1.78,1.77,0.01,0.01,0.01,4,4.1,-0.1,-0.02,-0.01
201802,"S&P 500",2705.16,1.42,1.41,0.01,0.01,0.07,1.82,1.78,0.04,0.02,0.02,4.1,4,0.1,0.03,-0.01
201803,"S&P 500",2702.77,1.51,1.42,0.09,0.06,0.05,1.85,1.82,0.03,0.02,0.01,4,4.1,-0.1,-0.02,-0.01
201804,"S&P 500",2653.63,1.69,1.51,0.18,0.12,0.06,1.87,1.85,0.02,0.01,0.02,4,4,0,0,0
201805,"S&P 500",2701.49,1.7,1.69,0.01,0.01,0.06,1.99,1.87,0.12,0.06,0.03,3.8,4,-0.2,-0.05,-0.02
201806,"S&P 500",2754.35,1.82,1.7,0.12,0.07,0.07,2.02,1.99,0.03,0.02,0.03,4,3.8,0.2,0.05,0
201807,"S&P 500",2755.48,1.91,1.82,0.09,0.05,0.04,2.07,2.02,0.05,0.02,0.03,3.8,4,-0.2,-0.05,-0.02
